Scanned Text,Matched Entity,Scenario,Target
TX651230 alex petrov 37 Main St,Alex Petrov,Different Spelling,1
TX742287 ale smernov 42 Main St,Ali Smirnov,Different Spelling,1
TX689122 moreo rohmone 75 Main St,Maria Rahmani,Different Spelling,1
TX811465 vlodemer komole 60 Main St,Vladimir Kamali,Different Spelling,1
TX759672 sopheo clork 86 Main St,Sophia Clark,Different Spelling,1
TX961108 mechoel johnson 55 Main St,Michael Johnson,Different Spelling,1
TX393481 mohommed ale 30 Main St,Mohammed Ali,Different Spelling,1
TX479266 nekoloe sokolov 98 Main St,Nikolai Sokolov,Different Spelling,1
TX285081 alex smernov 42 Main St,Alex Smirnov,Different Spelling,1
TX227659 oksono sokolov 15 Main St,Oksana Sokolov,Different Spelling,1
TX881442 ahmed komole 8 Main St,Ahmed Kamali,Different Spelling,1
TX116112 olgo smernov 51 Main St,Olga Smirnov,Different Spelling,1
TX157943 anno hosseene 11 Main St,Anna Hosseini,Different Spelling,1
TX989969 ahmed komole 37 Main St,Ahmed Kamali,Different Spelling,1
TX557199 fotemo petrov 18 Main St,Fatima Petrov,Different Spelling,1
TX215760 vlodemer smernov 5 Main St,Vladimir Smirnov,Different Spelling,1
TX115560 ale smernov 1 Main St,Ali Smirnov,Different Spelling,1
TX718724 vlodemer petrov 84 Main St,Vladimir Petrov,Different Spelling,1
TX112420 jomes petrov 72 Main St,James Petrov,Different Spelling,1
TX995671 vlodemer kuznetsov 99 Main St,Vladimir Kuznetsov,Different Spelling,1
TX247894 ale koremov 80 Main St,Ali Karimov,Different Spelling,1
TX961116 omor kholed 85 Main St,Omar Khalid,Different Spelling,1
TX608522 ahmed ivonov 49 Main St,Ahmed Ivanov,Different Spelling,1
TX586570 nekoloe azeze 87 Main St,Nikolai Azizi,Different Spelling,1
TX385612 ale komole 27 Main St,Ali Kamali,Different Spelling,1
TX898238 ale hosseene 76 Main St,Ali Hosseini,Different Spelling,1
TX894723 ahmed ivonov 69 Main St,Ahmed Ivanov,Different Spelling,1
TX488817 oksono mousove 91 Main St,Oksana Mousavi,Different Spelling,1
TX588396 john kuznetsov 23 Main St,John Kuznetsov,Different Spelling,1
TX627572 nosren mohommode 10 Main St,Nasrin Mohammadi,Different Spelling,1
TX754698 john mustofo 14 Main St,John Mustafa,Different Spelling,1
TX225449 moreo komole 94 Main St,Maria Kamali,Different Spelling,1
TX305381 vlodemer rohmone 92 Main St,Vladimir Rahmani,Different Spelling,1
TX496682 fotemo komole 22 Main St,Fatima Kamali,Different Spelling,1
TX525001 anno petrov 68 Main St,Anna Petrov,Different Spelling,1
TX971692 oksono ivonov 62 Main St,Oksana Ivanov,Different Spelling,1
TX369455 moreo koremov 5 Main St,Maria Karimov,Different Spelling,1
TX664208 anno hosseene 100 Main St,Anna Hosseini,Different Spelling,1
TX589529 nekoloe kuznetsov 1 Main St,Nikolai Kuznetsov,Different Spelling,1
TX348219 ale sokolov 63 Main St,Ali Sokolov,Different Spelling,1
TX491259 ale sokolov 24 Main St,Ali Sokolov,Different Spelling,1
TX547003 alex kuznetsov 99 Main St,Alex Kuznetsov,Different Spelling,1
TX217403 ale sokolov 21 Main St,Ali Sokolov,Different Spelling,1
TX608129 dmetry ivonov 32 Main St,Dmitry Ivanov,Different Spelling,1
TX440330 ale hosseene 11 Main St,Ali Hosseini,Different Spelling,1
TX741616 ahmed azeze 10 Main St,Ahmed Azizi,Different Spelling,1
TX563212 nekoloe mousove 70 Main St,Nikolai Mousavi,Different Spelling,1
TX730668 john rohmone 55 Main St,John Rahmani,Different Spelling,1
TX841342 jomes ivonov 100 Main St,James Ivanov,Different Spelling,1
TX260586 ahmed azeze 41 Main St,Ahmed Azizi,Different Spelling,1
TX462903 motthew moore 81 Main St,Matthew Moore,Different Spelling,1
TX489138 moreo rohmone 73 Main St,Maria Rahmani,Different Spelling,1
TX867498 olgo rohmone 29 Main St,Olga Rahmani,Different Spelling,1
TX923671 john smeth 58 Main St,John Smith,Different Spelling,1
TX407320 alex petrov 57 Main St,Alex Petrov,Different Spelling,1
TX175496 moreo mustofo 17 Main St,Maria Mustafa,Different Spelling,1
TX743210 moreo kuznetsov 89 Main St,Maria Kuznetsov,Different Spelling,1
TX945127 vlodemer smernov 6 Main St,Vladimir Smirnov,Different Spelling,1
TX663793 anno mousove 81 Main St,Anna Mousavi,Different Spelling,1
TX829142 ahmed komole 70 Main St,Ahmed Kamali,Different Spelling,1
TX183614 oksono koremov 19 Main St,Oksana Karimov,Different Spelling,1
TX500947 mohommed ale 49 Main St,Mohammed Ali,Different Spelling,1
TX539481 ale hosseene 2 Main St,Ali Hosseini,Different Spelling,1
TX461108 ahmed azeze 69 Main St,Ahmed Azizi,Different Spelling,1
TX180378 cotherene adoms 67 Main St,Catherine Adams,Different Spelling,1
TX714731 ahmed komole 79 Main St,Ahmed Kamali,Different Spelling,1
TX216350 nekoloe mustofo 76 Main St,Nikolai Mustafa,Different Spelling,1
TX893194 moreo koremov 74 Main St,Maria Karimov,Different Spelling,1
TX585236 alex sokolov 73 Main St,Alex Sokolov,Different Spelling,1
TX725899 moreo azeze 9 Main St,Maria Azizi,Different Spelling,1
TX664145 alex sokolov 73 Main St,Alex Sokolov,Different Spelling,1
TX234179 john petrov 16 Main St,John Petrov,Different Spelling,1
TX357524 alex komole 96 Main St,Alex Kamali,Different Spelling,1
TX403657 chorlotte allen 7 Main St,Charlotte Allen,Different Spelling,1
TX126217 john rohmone 18 Main St,John Rahmani,Different Spelling,1
TX419182 ale smernov 83 Main St,Ali Smirnov,Different Spelling,1
TX966957 moreo sokolov 29 Main St,Maria Sokolov,Different Spelling,1
TX848491 olgo kuznetsovo 3 Main St,Olga Kuznetsova,Different Spelling,1
TX229345 john petrov 74 Main St,John Petrov,Different Spelling,1
TX635490 alex petrov 65 Main St,Alex Petrov,Different Spelling,1
TX530935 doved brown 30 Main St,David Brown,Different Spelling,1
TX702105 oksono sokolov 20 Main St,Oksana Sokolov,Different Spelling,1
TX871085 jomes petrov 43 Main St,James Petrov,Different Spelling,1
TX986955 anno smernov 9 Main St,Anna Smirnov,Different Spelling,1
TX131971 ale kuznetsov 59 Main St,Ali Kuznetsov,Different Spelling,1
TX181590 ale komole 85 Main St,Ali Kamali,Different Spelling,1
TX212653 doneel anderson 58 Main St,Daniel Anderson,Different Spelling,1
TX252590 alex komole 85 Main St,Alex Kamali,Different Spelling,1
TX917186 oksono mousove 8 Main St,Oksana Mousavi,Different Spelling,1
TX501537 fotemo rohmone 12 Main St,Fatima Rahmani,Different Spelling,1
TX730005 nekoloe kuznetsov 40 Main St,Nikolai Kuznetsov,Different Spelling,1
TX206075 anno mousove 23 Main St,Anna Mousavi,Different Spelling,1
TX188420 omor kholed 72 Main St,Omar Khalid,Different Spelling,1
TX594296 ahmed ivonov 8 Main St,Ahmed Ivanov,Different Spelling,1
TX150274 ahmed hosseene 33 Main St,Ahmed Hosseini,Different Spelling,1
TX958783 anno mousove 6 Main St,Anna Mousavi,Different Spelling,1
TX920571 jomes petrov 80 Main St,James Petrov,Different Spelling,1
TX925190 nekoloe sokolov 30 Main St,Nikolai Sokolov,Different Spelling,1
TX371639 anno smernov 47 Main St,Anna Smirnov,Different Spelling,1
TX167650 jomes ivonov 14 Main St,James Ivanov,Different Spelling,1
TX518725 nikolai kunzetsov 16 Main St,Nikolai Kuznetsov,Typos,1
TX553330 mariak arimov 68 Main St,Maria Karimov,Typos,1
TX580121 jonh kuznetsov 80 Main St,John Kuznetsov,Typos,1
TX811594 jamesk amali 86 Main St,James Kamali,Typos,1
TX647552 ail kamali 97 Main St,Ali Kamali,Typos,1
TX522422 amhed mustafa 7 Main St,Ahmed Mustafa,Typos,1
TX518559 amria azizi 98 Main St,Maria Azizi,Typos,1
TX359003 nikolia petrov 89 Main St,Nikolai Petrov,Typos,1
TX523925 orbert brown 94 Main St,Robert Brown,Typos,1
TX738126 maria akmali 79 Main St,Maria Kamali,Typos,1
TX361586 alxe hosseini 55 Main St,Alex Hosseini,Typos,1
TX946734 alex kzunetsov 83 Main St,Alex Kuznetsov,Typos,1
TX320280 ogla petrov 66 Main St,Olga Petrov,Typos,1
TX652988 alex akmali 43 Main St,Alex Kamali,Typos,1
TX754773 maria kraimov 75 Main St,Maria Karimov,Typos,1
TX743167 daniel andersno 21 Main St,Daniel Anderson,Typos,1
TX239921 alexh osseini 89 Main St,Alex Hosseini,Typos,1
TX466013 alex eptrov 57 Main St,Alex Petrov,Typos,1
TX814400 fatima akmali 75 Main St,Fatima Kamali,Typos,1
TX198287 anna smirnvo 80 Main St,Anna Smirnov,Typos,1
TX331109 alex msutafa 83 Main St,Alex Mustafa,Typos,1
TX920840 lai kuznetsov 61 Main St,Ali Kuznetsov,Typos,1
TX304081 vladmiir kuznetsov 33 Main St,Vladimir Kuznetsov,Typos,1
TX251511 olga smrinov 49 Main St,Olga Smirnov,Typos,1
TX989884 reza phalavi 29 Main St,Reza Pahlavi,Typos,1
TX474147 vladimirs mirnov 40 Main St,Vladimir Smirnov,Typos,1
TX995519 daniel anedrson 43 Main St,Daniel Anderson,Typos,1
TX637660 ahmed muosavi 5 Main St,Ahmed Mousavi,Typos,1
TX727678 ali oskolov 71 Main St,Ali Sokolov,Typos,1
TX563343 okasna azizi 11 Main St,Oksana Azizi,Typos,1
TX662636 hamed hosseini 57 Main St,Ahmed Hosseini,Typos,1
TX669259 alex eptrov 86 Main St,Alex Petrov,Typos,1
TX163344 fatmia ivanov 54 Main St,Fatima Ivanov,Typos,1
TX126621 vladiimr kuznetsov 58 Main St,Vladimir Kuznetsov,Typos,1
TX483378 james vianov 26 Main St,James Ivanov,Typos,1
TX795465 nikolai sokolvo 97 Main St,Nikolai Sokolov,Typos,1
TX499196 shaar sadeghi 84 Main St,Sahar Sadeghi,Typos,1
TX336719 valdimir hosseini 66 Main St,Vladimir Hosseini,Typos,1
TX941086 ann amousavi 13 Main St,Anna Mousavi,Typos,1
TX448112 john mouasvi 13 Main St,John Mousavi,Typos,1
TX683091 ahmed hosseini 12 Main St,Ahmed Hosseini,Typos,1
TX221663 reza pahalvi 85 Main St,Reza Pahlavi,Typos,1
TX979658 vladiimr hosseini 21 Main St,Vladimir Hosseini,Typos,1
TX404699 vladimir umstafa 20 Main St,Vladimir Mustafa,Typos,1
TX676527 oksana skoolov 67 Main St,Oksana Sokolov,Typos,1
TX274984 ale xmustafa 3 Main St,Alex Mustafa,Typos,1
TX586371 ali karmiov 71 Main St,Ali Karimov,Typos,1
TX555704 oksnaa kamali 57 Main St,Oksana Kamali,Typos,1
TX618530 olga msutafa 53 Main St,Olga Mustafa,Typos,1
TX575169 ahmed aizzi 97 Main St,Ahmed Azizi,Typos,1
TX837533 alxe azizi 22 Main St,Alex Azizi,Typos,1
TX200878 jamse kamali 83 Main St,James Kamali,Typos,1
TX403844 oksana mosuavi 93 Main St,Oksana Mousavi,Typos,1
TX531753 lvadimir ivanov 12 Main St,Vladimir Ivanov,Typos,1
TX177235 anan azizi 25 Main St,Anna Azizi,Typos,1
TX515643 amria rahmani 47 Main St,Maria Rahmani,Typos,1
TX552468 amhed kamali 13 Main St,Ahmed Kamali,Typos,1
TX408873 amria rahmani 96 Main St,Maria Rahmani,Typos,1
TX245832 vladimir ukznetsov 45 Main St,Vladimir Kuznetsov,Typos,1
TX836503 alexh osseini 80 Main St,Alex Hosseini,Typos,1
TX261833 lai kamali 76 Main St,Ali Kamali,Typos,1
TX160989 esrgei smirnov 20 Main St,Sergei Smirnov,Typos,1
TX212756 ali ukznetsov 83 Main St,Ali Kuznetsov,Typos,1
TX816715 fatima smironv 77 Main St,Fatima Smirnov,Typos,1
TX624510 marai rahmani 91 Main St,Maria Rahmani,Typos,1
TX733242 okasna ivanov 74 Main St,Oksana Ivanov,Typos,1
TX697982 ajmes kamali 65 Main St,James Kamali,Typos,1
TX402826 ahmed omusavi 66 Main St,Ahmed Mousavi,Typos,1
TX606075 fatimak amali 65 Main St,Fatima Kamali,Typos,1
TX614320 laex petrov 33 Main St,Alex Petrov,Typos,1
TX548920 anna mouasvi 58 Main St,Anna Mousavi,Typos,1
TX192916 nikolia azizi 41 Main St,Nikolai Azizi,Typos,1
TX977554 olg apetrov 19 Main St,Olga Petrov,Typos,1
TX810607 maria kuznetosv 50 Main St,Maria Kuznetsov,Typos,1
TX231958 nikolai hosseini 47 Main St,Nikolai Hosseini,Typos,1
TX501594 ahemd hassan 69 Main St,Ahmed Hassan,Typos,1
TX870315 okasna smirnov 10 Main St,Oksana Smirnov,Typos,1
TX102776 john mustfaa 98 Main St,John Mustafa,Typos,1
TX687245 james walekr 39 Main St,James Walker,Typos,1
TX164917 jonh mustafa 86 Main St,John Mustafa,Typos,1
TX480973 vladmiir azizi 58 Main St,Vladimir Azizi,Typos,1
TX229822 ali kuznetosv 35 Main St,Ali Kuznetsov,Typos,1
TX243417 alex hosseini 51 Main St,Alex Hosseini,Typos,1
TX792124 ojhn sokolov 67 Main St,John Sokolov,Typos,1
TX798209 marai karimov 48 Main St,Maria Karimov,Typos,1
TX602717 fatmia rahmani 28 Main St,Fatima Rahmani,Typos,1
TX566010 olga aziiz 29 Main St,Olga Azizi,Typos,1
TX113760 ahmde kamali 34 Main St,Ahmed Kamali,Typos,1
TX784656 fatmia smirnov 9 Main St,Fatima Smirnov,Typos,1
TX594064 seregi smirnov 33 Main St,Sergei Smirnov,Typos,1
TX894936 nikolaih osseini 21 Main St,Nikolai Hosseini,Typos,1
TX135182 james ramhani 89 Main St,James Rahmani,Typos,1
TX849417 ahmed kariomv 19 Main St,Ahmed Karimov,Typos,1
TX911277 esrgei smirnov 56 Main St,Sergei Smirnov,Typos,1
TX221516 hamed mousavi 24 Main St,Ahmed Mousavi,Typos,1
TX590599 oksan amousavi 78 Main St,Oksana Mousavi,Typos,1
TX438392 fatima eptrov 58 Main St,Fatima Petrov,Typos,1
TX181201 fatima kaamli 7 Main St,Fatima Kamali,Typos,1
TX330415 olga pterov 74 Main St,Olga Petrov,Typos,1
TX545601 oksana kamail 37 Main St,Oksana Kamali,Typos,1
TX133635 mousavi oksana 92 Main St,Oksana Mousavi,Swapped First and Last Names,1
TX767616 ivanov fatima 73 Main St,Fatima Ivanov,Swapped First and Last Names,1
TX890884 hosseini alex 36 Main St,Alex Hosseini,Swapped First and Last Names,1
TX209032 kamali oksana 87 Main St,Oksana Kamali,Swapped First and Last Names,1
TX867656 azizi ahmed 89 Main St,Ahmed Azizi,Swapped First and Last Names,1
TX209861 azizi oksana 5 Main St,Oksana Azizi,Swapped First and Last Names,1
TX535494 karimov john 56 Main St,John Karimov,Swapped First and Last Names,1
TX114164 sokolov ali 17 Main St,Ali Sokolov,Swapped First and Last Names,1
TX200949 kuznetsov vladimir 71 Main St,Vladimir Kuznetsov,Swapped First and Last Names,1
TX212938 kuznetsov maria 20 Main St,Maria Kuznetsov,Swapped First and Last Names,1
TX613892 kuznetsov ali 52 Main St,Ali Kuznetsov,Swapped First and Last Names,1
TX729128 azizi vladimir 36 Main St,Vladimir Azizi,Swapped First and Last Names,1
TX476904 smirnov olga 50 Main St,Olga Smirnov,Swapped First and Last Names,1
TX212630 mustafa alex 32 Main St,Alex Mustafa,Swapped First and Last Names,1
TX715194 karimov vladimir 50 Main St,Vladimir Karimov,Swapped First and Last Names,1
TX618618 rahmani maria 12 Main St,Maria Rahmani,Swapped First and Last Names,1
TX268210 hosseini john 96 Main St,John Hosseini,Swapped First and Last Names,1
TX107061 hosseini vladimir 59 Main St,Vladimir Hosseini,Swapped First and Last Names,1
TX463146 karimov maria 96 Main St,Maria Karimov,Swapped First and Last Names,1
TX735053 hosseini john 33 Main St,John Hosseini,Swapped First and Last Names,1
TX675617 ivanov nikolai 56 Main St,Nikolai Ivanov,Swapped First and Last Names,1
TX520717 mousavi james 12 Main St,James Mousavi,Swapped First and Last Names,1
TX839489 mousavi oksana 7 Main St,Oksana Mousavi,Swapped First and Last Names,1
TX215360 sokolov oksana 8 Main St,Oksana Sokolov,Swapped First and Last Names,1
TX576489 karimov john 17 Main St,John Karimov,Swapped First and Last Names,1
TX388399 mousavi ahmed 52 Main St,Ahmed Mousavi,Swapped First and Last Names,1
TX220941 kamali alex 51 Main St,Alex Kamali,Swapped First and Last Names,1
TX575567 rahmani maria 78 Main St,Maria Rahmani,Swapped First and Last Names,1
TX521793 azizi vladimir 60 Main St,Vladimir Azizi,Swapped First and Last Names,1
TX678278 sokolov ivan 76 Main St,Ivan Sokolov,Swapped First and Last Names,1
TX667931 smirnov maria 79 Main St,Maria Smirnov,Swapped First and Last Names,1
TX182803 mustafa ali 39 Main St,Ali Mustafa,Swapped First and Last Names,1
TX322662 petrov maria 84 Main St,Maria Petrov,Swapped First and Last Names,1
TX362728 mousavi fatima 72 Main St,Fatima Mousavi,Swapped First and Last Names,1
TX562525 sokolov nikolai 36 Main St,Nikolai Sokolov,Swapped First and Last Names,1
TX556410 hosseini nikolai 77 Main St,Nikolai Hosseini,Swapped First and Last Names,1
TX704039 kamali fatima 3 Main St,Fatima Kamali,Swapped First and Last Names,1
TX191588 hall benjamin 54 Main St,Benjamin Hall,Swapped First and Last Names,1
TX957770 rahmani john 44 Main St,John Rahmani,Swapped First and Last Names,1
TX131352 karimov john 85 Main St,John Karimov,Swapped First and Last Names,1
TX423448 kuznetsov nikolai 14 Main St,Nikolai Kuznetsov,Swapped First and Last Names,1
TX192813 ali mohammed 73 Main St,Mohammed Ali,Swapped First and Last Names,1
TX969188 mustafa vladimir 4 Main St,Vladimir Mustafa,Swapped First and Last Names,1
TX936253 mousavi fatima 24 Main St,Fatima Mousavi,Swapped First and Last Names,1
TX876445 mousavi oksana 25 Main St,Oksana Mousavi,Swapped First and Last Names,1
TX338208 karimov alex 59 Main St,Alex Karimov,Swapped First and Last Names,1
TX441457 mustafa alex 38 Main St,Alex Mustafa,Swapped First and Last Names,1
TX990936 smirnov alex 26 Main St,Alex Smirnov,Swapped First and Last Names,1
TX337823 mousavi ali 42 Main St,Ali Mousavi,Swapped First and Last Names,1
TX110222 smirnov olga 72 Main St,Olga Smirnov,Swapped First and Last Names,1
TX246858 young isabella 52 Main St,Isabella Young,Swapped First and Last Names,1
TX670939 kuznetsov james 59 Main St,James Kuznetsov,Swapped First and Last Names,1
TX182093 smirnov alex 70 Main St,Alex Smirnov,Swapped First and Last Names,1
TX308577 rahmani john 38 Main St,John Rahmani,Swapped First and Last Names,1
TX843810 karimov alex 4 Main St,Alex Karimov,Swapped First and Last Names,1
TX831788 smirnov sergei 67 Main St,Sergei Smirnov,Swapped First and Last Names,1
TX680765 ivanov maria 43 Main St,Maria Ivanov,Swapped First and Last Names,1
TX915799 azizi ahmed 81 Main St,Ahmed Azizi,Swapped First and Last Names,1
TX145100 mustafa maria 69 Main St,Maria Mustafa,Swapped First and Last Names,1
TX189468 ivanov ahmed 77 Main St,Ahmed Ivanov,Swapped First and Last Names,1
TX332081 karimov ali 11 Main St,Ali Karimov,Swapped First and Last Names,1
TX715486 karimov oksana 35 Main St,Oksana Karimov,Swapped First and Last Names,1
TX685443 rahmani james 12 Main St,James Rahmani,Swapped First and Last Names,1
TX403489 khalid omar 22 Main St,Omar Khalid,Swapped First and Last Names,1
TX619730 mustafa john 88 Main St,John Mustafa,Swapped First and Last Names,1
TX439564 azizi anna 73 Main St,Anna Azizi,Swapped First and Last Names,1
TX908918 rahmani maria 80 Main St,Maria Rahmani,Swapped First and Last Names,1
TX260498 smirnov maria 47 Main St,Maria Smirnov,Swapped First and Last Names,1
TX837545 hosseini vladimir 10 Main St,Vladimir Hosseini,Swapped First and Last Names,1
TX656076 karimov fatima 40 Main St,Fatima Karimov,Swapped First and Last Names,1
TX874032 karimov ali 89 Main St,Ali Karimov,Swapped First and Last Names,1
TX582977 ivanov fatima 72 Main St,Fatima Ivanov,Swapped First and Last Names,1
TX959800 mustafa maria 49 Main St,Maria Mustafa,Swapped First and Last Names,1
TX341906 azizi alex 61 Main St,Alex Azizi,Swapped First and Last Names,1
TX491572 mustafa john 67 Main St,John Mustafa,Swapped First and Last Names,1
TX701758 kuznetsov vladimir 42 Main St,Vladimir Kuznetsov,Swapped First and Last Names,1
TX985947 kuznetsov nikolai 74 Main St,Nikolai Kuznetsov,Swapped First and Last Names,1
TX807773 kuznetsov james 14 Main St,James Kuznetsov,Swapped First and Last Names,1
TX804839 hosseini vladimir 46 Main St,Vladimir Hosseini,Swapped First and Last Names,1
TX315150 mousavi ahmed 9 Main St,Ahmed Mousavi,Swapped First and Last Names,1
TX153617 azizi ahmed 26 Main St,Ahmed Azizi,Swapped First and Last Names,1
TX150994 petrov james 4 Main St,James Petrov,Swapped First and Last Names,1
TX379783 sadeghi sahar 11 Main St,Sahar Sadeghi,Swapped First and Last Names,1
TX834104 kuznetsova olga 47 Main St,Olga Kuznetsova,Swapped First and Last Names,1
TX568546 azizi ahmed 68 Main St,Ahmed Azizi,Swapped First and Last Names,1
TX775363 hosseini ali 78 Main St,Ali Hosseini,Swapped First and Last Names,1
TX151054 azizi alex 97 Main St,Alex Azizi,Swapped First and Last Names,1
TX406417 sokolov alex 95 Main St,Alex Sokolov,Swapped First and Last Names,1
TX179158 brown david 71 Main St,David Brown,Swapped First and Last Names,1
TX862319 petrov james 74 Main St,James Petrov,Swapped First and Last Names,1
TX326612 sokolov alex 85 Main St,Alex Sokolov,Swapped First and Last Names,1
TX315655 kamali ali 71 Main St,Ali Kamali,Swapped First and Last Names,1
TX625897 kuznetsov james 45 Main St,James Kuznetsov,Swapped First and Last Names,1
TX190024 mohammadi nasrin 42 Main St,Nasrin Mohammadi,Swapped First and Last Names,1
TX253725 kuznetsov oksana 40 Main St,Oksana Kuznetsov,Swapped First and Last Names,1
TX788529 azizi vladimir 45 Main St,Vladimir Azizi,Swapped First and Last Names,1
TX269999 sokolov alex 90 Main St,Alex Sokolov,Swapped First and Last Names,1
TX261908 azizi alex 97 Main St,Alex Azizi,Swapped First and Last Names,1
TX527577 kamali oksana 49 Main St,Oksana Kamali,Swapped First and Last Names,1
TX539629 miller christopher 36 Main St,Christopher Miller,Swapped First and Last Names,1
TX754032 j sokolov 78 Main St,John Sokolov,Initials,1
TX141088 j petrov 88 Main St,James Petrov,Initials,1
TX566654 a smirnov 11 Main St,Ali Smirnov,Initials,1
TX967674 j petrov 71 Main St,John Petrov,Initials,1
TX252765 a ivanov 36 Main St,Ahmed Ivanov,Initials,1
TX660703 j azizi 48 Main St,John Azizi,Initials,1
TX169143 m karimov 79 Main St,Maria Karimov,Initials,1
TX224019 v rahmani 47 Main St,Vladimir Rahmani,Initials,1
TX435162 a hosseini 57 Main St,Ahmed Hosseini,Initials,1
TX679622 a petrov 40 Main St,Ali Petrov,Initials,1
TX205976 v petrov 56 Main St,Vladimir Petrov,Initials,1
TX542761 m johnson 76 Main St,Michael Johnson,Initials,1
TX393248 j wilson 69 Main St,Jessica Wilson,Initials,1
TX779365 a kuznetsov 80 Main St,Alex Kuznetsov,Initials,1
TX533733 j mustafa 75 Main St,John Mustafa,Initials,1
TX787311 a mousavi 41 Main St,Anna Mousavi,Initials,1
TX280124 v kuznetsov 32 Main St,Vladimir Kuznetsov,Initials,1
TX379305 e davis 42 Main St,Emily Davis,Initials,1
TX666180 a hosseini 50 Main St,Ahmed Hosseini,Initials,1
TX715204 j mustafa 33 Main St,James Mustafa,Initials,1
TX228369 j kuznetsov 11 Main St,John Kuznetsov,Initials,1
TX932876 o mousavi 5 Main St,Oksana Mousavi,Initials,1
TX560543 m sokolov 68 Main St,Maria Sokolov,Initials,1
TX978381 a rahman 10 Main St,Aisha Rahman,Initials,1
TX615991 a karimov 92 Main St,Alex Karimov,Initials,1
TX985349 o azizi 27 Main St,Oksana Azizi,Initials,1
TX416399 m rostami 88 Main St,Mehdi Rostami,Initials,1
TX958345 a ivanov 44 Main St,Ahmed Ivanov,Initials,1
TX762029 n hosseini 41 Main St,Nikolai Hosseini,Initials,1
TX924499 j azizi 68 Main St,John Azizi,Initials,1
TX194781 a azizi 12 Main St,Ahmed Azizi,Initials,1
TX670573 a kamali 21 Main St,Ahmed Kamali,Initials,1
TX332716 m ali 43 Main St,Mohammed Ali,Initials,1
TX675607 a mousavi 24 Main St,Ahmed Mousavi,Initials,1
TX565564 s williams 27 Main St,Sarah Williams,Initials,1
TX351561 a karimov 4 Main St,Anna Karimov,Initials,1
TX808566 o sokolov 70 Main St,Olga Sokolov,Initials,1
TX939875 a kamali 69 Main St,Ali Kamali,Initials,1
TX573281 o kuznetsov 28 Main St,Oksana Kuznetsov,Initials,1
TX433694 a azizi 35 Main St,Ali Azizi,Initials,1
TX359498 o karimov 48 Main St,Oksana Karimov,Initials,1
TX493268 a mustafa 4 Main St,Alex Mustafa,Initials,1
TX511138 v hosseini 74 Main St,Vladimir Hosseini,Initials,1
TX201075 o azizi 38 Main St,Oksana Azizi,Initials,1
TX933902 a mustafa 86 Main St,Alex Mustafa,Initials,1
TX339529 j mustafa 56 Main St,James Mustafa,Initials,1
TX921713 a rahmani 31 Main St,Alex Rahmani,Initials,1
TX151895 j mousavi 89 Main St,James Mousavi,Initials,1
TX264049 a karimov 35 Main St,Ali Karimov,Initials,1
TX531406 f kuznetsov 5 Main St,Fatima Kuznetsov,Initials,1
TX503740 a ivanov 11 Main St,Ahmed Ivanov,Initials,1
TX648805 n hosseini 10 Main St,Nikolai Hosseini,Initials,1
TX263331 j petrov 73 Main St,James Petrov,Initials,1
TX406365 a ivanov 59 Main St,Ahmed Ivanov,Initials,1
TX763107 m mustafa 54 Main St,Maria Mustafa,Initials,1
TX974181 a sokolov 61 Main St,Ali Sokolov,Initials,1
TX475894 j rahmani 37 Main St,James Rahmani,Initials,1
TX847449 j azizi 22 Main St,John Azizi,Initials,1
TX333569 a azizi 37 Main St,Ali Azizi,Initials,1
TX836450 v kuznetsov 88 Main St,Vladimir Kuznetsov,Initials,1
TX350543 m petrov 36 Main St,Maria Petrov,Initials,1
TX483925 j sokolov 99 Main St,John Sokolov,Initials,1
TX116334 a kuznetsov 5 Main St,Ali Kuznetsov,Initials,1
TX637754 a karimov 29 Main St,Anna Karimov,Initials,1
TX125678 j hosseini 29 Main St,John Hosseini,Initials,1
TX326332 o kamali 40 Main St,Olga Kamali,Initials,1
TX838649 a rahmani 88 Main St,Alex Rahmani,Initials,1
TX729398 v hosseini 77 Main St,Vladimir Hosseini,Initials,1
TX628837 m petrov 97 Main St,Maria Petrov,Initials,1
TX473209 o sokolov 26 Main St,Oksana Sokolov,Initials,1
TX330270 r brown 49 Main St,Robert Brown,Initials,1
TX377378 v karimov 86 Main St,Vladimir Karimov,Initials,1
TX893889 a kamali 79 Main St,Ahmed Kamali,Initials,1
TX929507 a azizi 89 Main St,Ahmed Azizi,Initials,1
TX182946 m rostami 51 Main St,Mehdi Rostami,Initials,1
TX905313 j petrov 42 Main St,James Petrov,Initials,1
TX303783 o petrov 81 Main St,Olga Petrov,Initials,1
TX270571 j petrov 73 Main St,John Petrov,Initials,1
TX411575 a ivanov 10 Main St,Ahmed Ivanov,Initials,1
TX536353 a petrov 64 Main St,Anastasia Petrov,Initials,1
TX427683 j hosseini 88 Main St,John Hosseini,Initials,1
TX936856 a hosseini 37 Main St,Ahmed Hosseini,Initials,1
TX959647 a karimov 61 Main St,Anna Karimov,Initials,1
TX834871 n mousavi 34 Main St,Nikolai Mousavi,Initials,1
TX455289 c adams 74 Main St,Catherine Adams,Initials,1
TX361807 v kuznetsov 58 Main St,Vladimir Kuznetsov,Initials,1
TX162149 j azizi 70 Main St,John Azizi,Initials,1
TX670956 v petrov 38 Main St,Vladimir Petrov,Initials,1
TX733967 f sokolov 93 Main St,Fatima Sokolov,Initials,1
TX136342 a sokolov 89 Main St,Alex Sokolov,Initials,1
TX533297 o azizi 53 Main St,Oksana Azizi,Initials,1
TX952783 m karimov 2 Main St,Maria Karimov,Initials,1
TX211164 v hosseini 100 Main St,Vladimir Hosseini,Initials,1
TX892724 o mousavi 23 Main St,Oksana Mousavi,Initials,1
TX170997 v kuznetsov 37 Main St,Vladimir Kuznetsov,Initials,1
TX793973 j kuznetsov 77 Main St,James Kuznetsov,Initials,1
TX834418 m kamali 54 Main St,Maria Kamali,Initials,1
TX355166 j kamali 8 Main St,James Kamali,Initials,1
TX576340 v ivanov 88 Main St,Vladimir Ivanov,Initials,1
TX162365 m azizi 71 Main St,Maria Azizi,Initials,1
TX451583 j a m e s   p e t r o v 53 Main St,James Petrov,Unnatural Spacing,1
TX134826 v l a d i m i r   h o s s e i n i 76 Main St,Vladimir Hosseini,Unnatural Spacing,1
TX371434 a l i   k a m a l i 49 Main St,Ali Kamali,Unnatural Spacing,1
TX581059 m o h a m m e d   a l i 31 Main St,Mohammed Ali,Unnatural Spacing,1
TX816268 o l g a   h o s s e i n i 10 Main St,Olga Hosseini,Unnatural Spacing,1
TX962775 m a r i a   k a m a l i 23 Main St,Maria Kamali,Unnatural Spacing,1
TX557479 o l g a   a z i z i 71 Main St,Olga Azizi,Unnatural Spacing,1
TX784657 a l i   k u z n e t s o v 29 Main St,Ali Kuznetsov,Unnatural Spacing,1
TX261965 j o h n   k a r i m o v 99 Main St,John Karimov,Unnatural Spacing,1
TX892818 o k s a n a   s o k o l o v 27 Main St,Oksana Sokolov,Unnatural Spacing,1
TX714753 j o h n   h o s s e i n i 41 Main St,John Hosseini,Unnatural Spacing,1
TX579355 o l g a   k u z n e t s o v a 23 Main St,Olga Kuznetsova,Unnatural Spacing,1
TX125873 a n n a   p e t r o v 98 Main St,Anna Petrov,Unnatural Spacing,1
TX330501 n i k o l a i   s o k o l o v 58 Main St,Nikolai Sokolov,Unnatural Spacing,1
TX881883 a l i   h o s s e i n i 47 Main St,Ali Hosseini,Unnatural Spacing,1
TX513000 a l i   s m i r n o v 78 Main St,Ali Smirnov,Unnatural Spacing,1
TX139371 a l e x   k a m a l i 9 Main St,Alex Kamali,Unnatural Spacing,1
TX301369 a l e x   k a r i m o v 66 Main St,Alex Karimov,Unnatural Spacing,1
TX334228 m a r i a   k a m a l i 33 Main St,Maria Kamali,Unnatural Spacing,1
TX253789 a n n a   a z i z i 6 Main St,Anna Azizi,Unnatural Spacing,1
TX589509 a l e x   a z i z i 83 Main St,Alex Azizi,Unnatural Spacing,1
TX405935 f a t i m a   i v a n o v 48 Main St,Fatima Ivanov,Unnatural Spacing,1
TX218861 a l e x   s m i r n o v 30 Main St,Alex Smirnov,Unnatural Spacing,1
TX572504 f a t i m a   i v a n o v 54 Main St,Fatima Ivanov,Unnatural Spacing,1
TX825532 f a t i m a   k u z n e t s o v 98 Main St,Fatima Kuznetsov,Unnatural Spacing,1
TX870022 m a r i a   k u z n e t s o v 83 Main St,Maria Kuznetsov,Unnatural Spacing,1
TX195573 a n n a   p e t r o v 31 Main St,Anna Petrov,Unnatural Spacing,1
TX437542 e m i l y   d a v i s 52 Main St,Emily Davis,Unnatural Spacing,1
TX297988 o l g a   p e t r o v 12 Main St,Olga Petrov,Unnatural Spacing,1
TX881195 j o h n   p e t r o v 61 Main St,John Petrov,Unnatural Spacing,1
TX303458 o l g a   p e t r o v 17 Main St,Olga Petrov,Unnatural Spacing,1
TX934070 v l a d i m i r   k u z n e t s o v 70 Main St,Vladimir Kuznetsov,Unnatural Spacing,1
TX637743 o k s a n a   i v a n o v 32 Main St,Oksana Ivanov,Unnatural Spacing,1
TX434955 a h m e d   h o s s e i n i 90 Main St,Ahmed Hosseini,Unnatural Spacing,1
TX523961 m i c h a e l   j o h n s o n 51 Main St,Michael Johnson,Unnatural Spacing,1
TX968521 o l g a   r a h m a n i 79 Main St,Olga Rahmani,Unnatural Spacing,1
TX269507 o l g a   r a h m a n i 84 Main St,Olga Rahmani,Unnatural Spacing,1
TX454948 f a t i m a   s m i r n o v 26 Main St,Fatima Smirnov,Unnatural Spacing,1
TX955429 j o h n   m u s t a f a 94 Main St,John Mustafa,Unnatural Spacing,1
TX469908 m a r i a   k a r i m o v 12 Main St,Maria Karimov,Unnatural Spacing,1
TX132885 f a t i m a   h o s s e i n i 23 Main St,Fatima Hosseini,Unnatural Spacing,1
TX153754 a l e x   h o s s e i n i 1 Main St,Alex Hosseini,Unnatural Spacing,1
TX353770 a l e x   h o s s e i n i 60 Main St,Alex Hosseini,Unnatural Spacing,1
TX894849 a l e x   m u s t a f a 60 Main St,Alex Mustafa,Unnatural Spacing,1
TX282403 a l e x   a z i z i 59 Main St,Alex Azizi,Unnatural Spacing,1
TX946608 j a m e s   i v a n o v 10 Main St,James Ivanov,Unnatural Spacing,1
TX840598 m a r i a   m u s t a f a 3 Main St,Maria Mustafa,Unnatural Spacing,1
TX824227 j a m e s   k u z n e t s o v 36 Main St,James Kuznetsov,Unnatural Spacing,1
TX291328 f a t i m a   k a r i m o v 79 Main St,Fatima Karimov,Unnatural Spacing,1
TX217581 j o h n   s o k o l o v 92 Main St,John Sokolov,Unnatural Spacing,1
TX203971 j o h n   h o s s e i n i 49 Main St,John Hosseini,Unnatural Spacing,1
TX336200 d a v i d   b r o w n 54 Main St,David Brown,Unnatural Spacing,1
TX725004 a l e x   s o k o l o v 26 Main St,Alex Sokolov,Unnatural Spacing,1
TX730332 o l g a   r a h m a n i 93 Main St,Olga Rahmani,Unnatural Spacing,1
TX374850 v l a d i m i r   i v a n o v 73 Main St,Vladimir Ivanov,Unnatural Spacing,1
TX296365 b e n j a m i n   h a l l 19 Main St,Benjamin Hall,Unnatural Spacing,1
TX932249 a l e x   k a r i m o v 93 Main St,Alex Karimov,Unnatural Spacing,1
TX323083 a l e x   k a m a l i 92 Main St,Alex Kamali,Unnatural Spacing,1
TX311780 a n n a   m o u s a v i 19 Main St,Anna Mousavi,Unnatural Spacing,1
TX792151 m a r i a   r a h m a n i 14 Main St,Maria Rahmani,Unnatural Spacing,1
TX832436 f a t i m a   m o u s a v i 85 Main St,Fatima Mousavi,Unnatural Spacing,1
TX611023 a l i   p e t r o v 12 Main St,Ali Petrov,Unnatural Spacing,1
TX214408 j o h n   m u s t a f a 81 Main St,John Mustafa,Unnatural Spacing,1
TX442968 j o h n   h o s s e i n i 16 Main St,John Hosseini,Unnatural Spacing,1
TX895104 j o h n   s m i t h 52 Main St,John Smith,Unnatural Spacing,1
TX708819 j o h n   p e t r o v 50 Main St,John Petrov,Unnatural Spacing,1
TX618059 m a r i a   m u s t a f a 99 Main St,Maria Mustafa,Unnatural Spacing,1
TX737032 f a t i m a   h o s s e i n i 28 Main St,Fatima Hosseini,Unnatural Spacing,1
TX649925 j o h n   h o s s e i n i 23 Main St,John Hosseini,Unnatural Spacing,1
TX626200 a n n a   r a h m a n i 84 Main St,Anna Rahmani,Unnatural Spacing,1
TX105653 o k s a n a   s o k o l o v 45 Main St,Oksana Sokolov,Unnatural Spacing,1
TX407411 a l i   k a m a l i 43 Main St,Ali Kamali,Unnatural Spacing,1
TX454467 r e z a   p a h l a v i 69 Main St,Reza Pahlavi,Unnatural Spacing,1
TX955726 o k s a n a   i v a n o v 5 Main St,Oksana Ivanov,Unnatural Spacing,1
TX442148 a l i   a z i z i 30 Main St,Ali Azizi,Unnatural Spacing,1
TX911168 n i k o l a i   s o k o l o v 9 Main St,Nikolai Sokolov,Unnatural Spacing,1
TX857628 v l a d i m i r   a z i z i 44 Main St,Vladimir Azizi,Unnatural Spacing,1
TX182512 r e z a   p a h l a v i 37 Main St,Reza Pahlavi,Unnatural Spacing,1
TX824963 f a t i m a   k u z n e t s o v 41 Main St,Fatima Kuznetsov,Unnatural Spacing,1
TX338253 j a m e s   w a l k e r 99 Main St,James Walker,Unnatural Spacing,1
TX725485 a n n a   m o u s a v i 61 Main St,Anna Mousavi,Unnatural Spacing,1
TX126664 v l a d i m i r   i v a n o v 77 Main St,Vladimir Ivanov,Unnatural Spacing,1
TX209636 v l a d i m i r   h o s s e i n i 62 Main St,Vladimir Hosseini,Unnatural Spacing,1
TX735922 a h m e d   a z i z i 11 Main St,Ahmed Azizi,Unnatural Spacing,1
TX948606 j o h n   h o s s e i n i 36 Main St,John Hosseini,Unnatural Spacing,1
TX632009 j o h n   m o u s a v i 77 Main St,John Mousavi,Unnatural Spacing,1
TX295630 n a s r i n   m o h a m m a d i 76 Main St,Nasrin Mohammadi,Unnatural Spacing,1
TX896353 o l g a   k u z n e t s o v a 97 Main St,Olga Kuznetsova,Unnatural Spacing,1
TX353531 a h m e d   i v a n o v 7 Main St,Ahmed Ivanov,Unnatural Spacing,1
TX657446 j o h n   h o s s e i n i 39 Main St,John Hosseini,Unnatural Spacing,1
TX713178 m a r i a   m u s t a f a 44 Main St,Maria Mustafa,Unnatural Spacing,1
TX918152 a l i   k u z n e t s o v 20 Main St,Ali Kuznetsov,Unnatural Spacing,1
TX279724 j o h n   h o s s e i n i 8 Main St,John Hosseini,Unnatural Spacing,1
TX204559 o k s a n a   k a r i m o v 64 Main St,Oksana Karimov,Unnatural Spacing,1
TX777334 a l i   k a r i m o v 85 Main St,Ali Karimov,Unnatural Spacing,1
TX477509 a h m e d   m o u s a v i 24 Main St,Ahmed Mousavi,Unnatural Spacing,1
TX166820 a n n a   a z i z i 22 Main St,Anna Azizi,Unnatural Spacing,1
TX687027 a n n a   k a r i m o v 22 Main St,Anna Karimov,Unnatural Spacing,1
TX364789 j a m e s   p e t r o v 89 Main St,James Petrov,Unnatural Spacing,1
TX201827 o m a r   k h a l i d 29 Main St,Omar Khalid,Unnatural Spacing,1
TX258294 fatimasokolov 77 Main St,Fatima Sokolov,No Spaces,1
TX907502 sophiaclark 14 Main St,Sophia Clark,No Spaces,1
TX729277 annarahmani 89 Main St,Anna Rahmani,No Spaces,1
TX590693 vladimirpetrov 92 Main St,Vladimir Petrov,No Spaces,1
TX422944 alismirnov 59 Main St,Ali Smirnov,No Spaces,1
TX846173 alikamali 82 Main St,Ali Kamali,No Spaces,1
TX617236 jessicawilson 95 Main St,Jessica Wilson,No Spaces,1
TX671264 alexmustafa 79 Main St,Alex Mustafa,No Spaces,1
TX480833 olgarahmani 97 Main St,Olga Rahmani,No Spaces,1
TX286325 ahmedivanov 28 Main St,Ahmed Ivanov,No Spaces,1
TX388414 mariaazizi 82 Main St,Maria Azizi,No Spaces,1
TX364228 alexkamali 50 Main St,Alex Kamali,No Spaces,1
TX957051 mariamustafa 81 Main St,Maria Mustafa,No Spaces,1
TX992446 nikolaimousavi 22 Main St,Nikolai Mousavi,No Spaces,1
TX155021 alexmustafa 42 Main St,Alex Mustafa,No Spaces,1
TX874567 vladimirkamali 16 Main St,Vladimir Kamali,No Spaces,1
TX460683 alipetrov 49 Main St,Ali Petrov,No Spaces,1
TX407029 mariarahmani 45 Main St,Maria Rahmani,No Spaces,1
TX684669 jamesivanov 81 Main St,James Ivanov,No Spaces,1
TX786704 jamesrahmani 56 Main St,James Rahmani,No Spaces,1
TX610063 fatimamousavi 83 Main St,Fatima Mousavi,No Spaces,1
TX873951 fatimapetrov 76 Main St,Fatima Petrov,No Spaces,1
TX550644 annakarimov 38 Main St,Anna Karimov,No Spaces,1
TX752750 johnsmith 24 Main St,John Smith,No Spaces,1
TX631803 fatimakamali 41 Main St,Fatima Kamali,No Spaces,1
TX172573 johnhosseini 75 Main St,John Hosseini,No Spaces,1
TX577440 alikamali 13 Main St,Ali Kamali,No Spaces,1
TX692778 johnpetrov 63 Main St,John Petrov,No Spaces,1
TX113434 alexsokolov 10 Main St,Alex Sokolov,No Spaces,1
TX992295 johnmustafa 75 Main St,John Mustafa,No Spaces,1
TX228368 ahmedhosseini 100 Main St,Ahmed Hosseini,No Spaces,1
TX397086 alexazizi 74 Main St,Alex Azizi,No Spaces,1
TX672020 mehdirostami 61 Main St,Mehdi Rostami,No Spaces,1
TX700273 johnpetrov 31 Main St,John Petrov,No Spaces,1
TX536228 fatimasokolov 42 Main St,Fatima Sokolov,No Spaces,1
TX587717 ahmedivanov 20 Main St,Ahmed Ivanov,No Spaces,1
TX680282 johnkuznetsov 66 Main St,John Kuznetsov,No Spaces,1
TX913221 vladimirpetrov 72 Main St,Vladimir Petrov,No Spaces,1
TX749789 olgapetrov 34 Main St,Olga Petrov,No Spaces,1
TX187424 olgapetrov 58 Main St,Olga Petrov,No Spaces,1
TX854671 alikamali 27 Main St,Ali Kamali,No Spaces,1
TX432352 mariakarimov 51 Main St,Maria Karimov,No Spaces,1
TX180671 jonathanwhite 53 Main St,Jonathan White,No Spaces,1
TX241883 vladimirmustafa 79 Main St,Vladimir Mustafa,No Spaces,1
TX285616 nikolaiazizi 46 Main St,Nikolai Azizi,No Spaces,1
TX232192 jamesrahmani 9 Main St,James Rahmani,No Spaces,1
TX536276 mariakarimov 57 Main St,Maria Karimov,No Spaces,1
TX755610 alexhosseini 23 Main St,Alex Hosseini,No Spaces,1
TX380701 ahmedhassan 45 Main St,Ahmed Hassan,No Spaces,1
TX806561 jamesmustafa 41 Main St,James Mustafa,No Spaces,1
TX911347 johnrahmani 29 Main St,John Rahmani,No Spaces,1
TX396229 nikolaikarimov 56 Main St,Nikolai Karimov,No Spaces,1
TX232488 danielanderson 87 Main St,Daniel Anderson,No Spaces,1
TX561706 alexmustafa 30 Main St,Alex Mustafa,No Spaces,1
TX762493 vladimirrahmani 83 Main St,Vladimir Rahmani,No Spaces,1
TX188243 johnhosseini 97 Main St,John Hosseini,No Spaces,1
TX400393 oksanamousavi 36 Main St,Oksana Mousavi,No Spaces,1
TX698823 vladimirhosseini 29 Main St,Vladimir Hosseini,No Spaces,1
TX122523 mariarahmani 92 Main St,Maria Rahmani,No Spaces,1
TX340951 mariakarimov 36 Main St,Maria Karimov,No Spaces,1
TX818980 mariahosseini 73 Main St,Maria Hosseini,No Spaces,1
TX955090 annamousavi 7 Main St,Anna Mousavi,No Spaces,1
TX660959 omarkhalid 88 Main St,Omar Khalid,No Spaces,1
TX940825 nikolaikuznetsov 67 Main St,Nikolai Kuznetsov,No Spaces,1
TX755811 olgakarimov 17 Main St,Olga Karimov,No Spaces,1
TX456456 johnrahmani 3 Main St,John Rahmani,No Spaces,1
TX394418 olgasmirnov 54 Main St,Olga Smirnov,No Spaces,1
TX810679 ahmedhosseini 44 Main St,Ahmed Hosseini,No Spaces,1
TX913346 benjaminhall 46 Main St,Benjamin Hall,No Spaces,1
TX894121 alismirnov 88 Main St,Ali Smirnov,No Spaces,1
TX955304 oksanaazizi 42 Main St,Oksana Azizi,No Spaces,1
TX138549 alexsokolov 79 Main St,Alex Sokolov,No Spaces,1
TX826992 fatimaivanov 15 Main St,Fatima Ivanov,No Spaces,1
TX254641 annamousavi 59 Main St,Anna Mousavi,No Spaces,1
TX139349 mariakamali 57 Main St,Maria Kamali,No Spaces,1
TX617384 nikolaikarimov 38 Main St,Nikolai Karimov,No Spaces,1
TX813274 vladimirpetrov 82 Main St,Vladimir Petrov,No Spaces,1
TX809301 williamharris 15 Main St,William Harris,No Spaces,1
TX939308 fatimakuznetsov 75 Main St,Fatima Kuznetsov,No Spaces,1
TX260790 alipetrov 99 Main St,Ali Petrov,No Spaces,1
TX560340 williamharris 23 Main St,William Harris,No Spaces,1
TX638939 alikamali 86 Main St,Ali Kamali,No Spaces,1
TX786693 nikolaisokolov 95 Main St,Nikolai Sokolov,No Spaces,1
TX574418 jamesrahmani 88 Main St,James Rahmani,No Spaces,1
TX442383 olgapetrov 86 Main St,Olga Petrov,No Spaces,1
TX537344 johnmustafa 9 Main St,John Mustafa,No Spaces,1
TX302630 aisharahman 67 Main St,Aisha Rahman,No Spaces,1
TX332894 alisokolov 44 Main St,Ali Sokolov,No Spaces,1
TX871152 vladimirkuznetsov 76 Main St,Vladimir Kuznetsov,No Spaces,1
TX352014 ahmedivanov 33 Main St,Ahmed Ivanov,No Spaces,1
TX257054 oksanaivanov 7 Main St,Oksana Ivanov,No Spaces,1
TX881060 mariarahmani 7 Main St,Maria Rahmani,No Spaces,1
TX937930 mariakuznetsov 58 Main St,Maria Kuznetsov,No Spaces,1
TX963734 fatimakarimov 100 Main St,Fatima Karimov,No Spaces,1
TX121989 olgasmirnov 81 Main St,Olga Smirnov,No Spaces,1
TX103893 mariakarimov 12 Main St,Maria Karimov,No Spaces,1
TX851365 fatimarahmani 5 Main St,Fatima Rahmani,No Spaces,1
TX754627 oksanakuznetsov 41 Main St,Oksana Kuznetsov,No Spaces,1
TX528464 jamespetrov 60 Main St,James Petrov,No Spaces,1
TX180095 anastasiapetrov 17 Main St,Anastasia Petrov,No Spaces,1
TX857363 ahmed ann hosseini 10 Main St,Ahmed Hosseini,Extra Middle or Last Names,1
TX158950 alex ann kamali 37 Main St,Alex Kamali,Extra Middle or Last Names,1
TX156504 oksana ann karimov 58 Main St,Oksana Karimov,Extra Middle or Last Names,1
TX339695 fatima ann mousavi 42 Main St,Fatima Mousavi,Extra Middle or Last Names,1
TX867019 vladimir ann hosseini 10 Main St,Vladimir Hosseini,Extra Middle or Last Names,1
TX455623 james lee kamali 23 Main St,James Kamali,Extra Middle or Last Names,1
TX148257 alex lee mustafa 41 Main St,Alex Mustafa,Extra Middle or Last Names,1
TX724272 maria james sokolov 26 Main St,Maria Sokolov,Extra Middle or Last Names,1
TX192248 maria lee rahmani 26 Main St,Maria Rahmani,Extra Middle or Last Names,1
TX393124 ahmed michael mustafa 17 Main St,Ahmed Mustafa,Extra Middle or Last Names,1
TX932047 james lee mustafa 98 Main St,James Mustafa,Extra Middle or Last Names,1
TX128944 maria michael rahmani 29 Main St,Maria Rahmani,Extra Middle or Last Names,1
TX779730 olga david kamali 31 Main St,Olga Kamali,Extra Middle or Last Names,1
TX406769 catherine ann adams 84 Main St,Catherine Adams,Extra Middle or Last Names,1
TX255598 maria david azizi 16 Main St,Maria Azizi,Extra Middle or Last Names,1
TX577845 ali james azizi 7 Main St,Ali Azizi,Extra Middle or Last Names,1
TX201775 alex david karimov 89 Main St,Alex Karimov,Extra Middle or Last Names,1
TX346019 anastasia james petrov 83 Main St,Anastasia Petrov,Extra Middle or Last Names,1
TX512586 vladimir david kamali 7 Main St,Vladimir Kamali,Extra Middle or Last Names,1
TX571178 oksana david smirnov 45 Main St,Oksana Smirnov,Extra Middle or Last Names,1
TX797641 olga james kamali 5 Main St,Olga Kamali,Extra Middle or Last Names,1
TX702988 john james sokolov 98 Main St,John Sokolov,Extra Middle or Last Names,1
TX419889 david michael brown 41 Main St,David Brown,Extra Middle or Last Names,1
TX770356 vladimir lee smirnov 14 Main St,Vladimir Smirnov,Extra Middle or Last Names,1
TX111808 fatima michael karimov 14 Main St,Fatima Karimov,Extra Middle or Last Names,1
TX293737 ali ann smirnov 78 Main St,Ali Smirnov,Extra Middle or Last Names,1
TX989939 sophia lee clark 94 Main St,Sophia Clark,Extra Middle or Last Names,1
TX152568 alex david hosseini 9 Main St,Alex Hosseini,Extra Middle or Last Names,1
TX681740 john ann hosseini 30 Main St,John Hosseini,Extra Middle or Last Names,1
TX257403 ahmed ann ivanov 84 Main St,Ahmed Ivanov,Extra Middle or Last Names,1
TX138248 alex marie mousavi 20 Main St,Alex Mousavi,Extra Middle or Last Names,1
TX865490 john michael hosseini 28 Main St,John Hosseini,Extra Middle or Last Names,1
TX696531 nikolai michael sokolov 64 Main St,Nikolai Sokolov,Extra Middle or Last Names,1
TX929144 ahmed james hosseini 92 Main St,Ahmed Hosseini,Extra Middle or Last Names,1
TX570779 john michael sokolov 34 Main St,John Sokolov,Extra Middle or Last Names,1
TX611708 vladimir lee kuznetsov 61 Main St,Vladimir Kuznetsov,Extra Middle or Last Names,1
TX333586 vladimir ann smirnov 28 Main St,Vladimir Smirnov,Extra Middle or Last Names,1
TX951142 mohammed marie ali 11 Main St,Mohammed Ali,Extra Middle or Last Names,1
TX814116 fatima marie hosseini 16 Main St,Fatima Hosseini,Extra Middle or Last Names,1
TX621893 james michael ivanov 10 Main St,James Ivanov,Extra Middle or Last Names,1
TX941218 anna michael mousavi 55 Main St,Anna Mousavi,Extra Middle or Last Names,1
TX575315 alex marie hosseini 29 Main St,Alex Hosseini,Extra Middle or Last Names,1
TX658196 ahmed david ivanov 100 Main St,Ahmed Ivanov,Extra Middle or Last Names,1
TX230786 charlotte david allen 11 Main St,Charlotte Allen,Extra Middle or Last Names,1
TX658830 fatima lee karimov 26 Main St,Fatima Karimov,Extra Middle or Last Names,1
TX575998 oksana michael kamali 49 Main St,Oksana Kamali,Extra Middle or Last Names,1
TX508808 jessica ann wilson 30 Main St,Jessica Wilson,Extra Middle or Last Names,1
TX726545 nikolai ann sokolov 92 Main St,Nikolai Sokolov,Extra Middle or Last Names,1
TX896869 alex lee mustafa 43 Main St,Alex Mustafa,Extra Middle or Last Names,1
TX161823 nikolai lee mousavi 66 Main St,Nikolai Mousavi,Extra Middle or Last Names,1
TX473749 jonathan david white 61 Main St,Jonathan White,Extra Middle or Last Names,1
TX245118 alex james karimov 73 Main St,Alex Karimov,Extra Middle or Last Names,1
TX482303 olga ann petrov 91 Main St,Olga Petrov,Extra Middle or Last Names,1
TX493907 mehdi ann rostami 25 Main St,Mehdi Rostami,Extra Middle or Last Names,1
TX276449 olga david kamali 95 Main St,Olga Kamali,Extra Middle or Last Names,1
TX784391 nikolai james mousavi 21 Main St,Nikolai Mousavi,Extra Middle or Last Names,1
TX595808 vladimir marie rahmani 53 Main St,Vladimir Rahmani,Extra Middle or Last Names,1
TX664515 oksana marie ivanov 45 Main St,Oksana Ivanov,Extra Middle or Last Names,1
TX323952 ivan michael sokolov 44 Main St,Ivan Sokolov,Extra Middle or Last Names,1
TX841536 john marie hosseini 73 Main St,John Hosseini,Extra Middle or Last Names,1
TX228472 maria marie azizi 21 Main St,Maria Azizi,Extra Middle or Last Names,1
TX369476 olga michael kuznetsova 83 Main St,Olga Kuznetsova,Extra Middle or Last Names,1
TX758531 james marie kamali 75 Main St,James Kamali,Extra Middle or Last Names,1
TX112054 ali michael sokolov 22 Main St,Ali Sokolov,Extra Middle or Last Names,1
TX147791 fatima marie ivanov 16 Main St,Fatima Ivanov,Extra Middle or Last Names,1
TX721039 vladimir david kuznetsov 20 Main St,Vladimir Kuznetsov,Extra Middle or Last Names,1
TX427636 john marie mustafa 72 Main St,John Mustafa,Extra Middle or Last Names,1
TX405101 maria marie smirnov 92 Main St,Maria Smirnov,Extra Middle or Last Names,1
TX966927 alex lee rahmani 65 Main St,Alex Rahmani,Extra Middle or Last Names,1
TX464423 john michael smirnov 98 Main St,John Smirnov,Extra Middle or Last Names,1
TX251705 ali ann hosseini 53 Main St,Ali Hosseini,Extra Middle or Last Names,1
TX424188 sarah david williams 16 Main St,Sarah Williams,Extra Middle or Last Names,1
TX366862 alex james sokolov 55 Main St,Alex Sokolov,Extra Middle or Last Names,1
TX783959 alex marie azizi 77 Main St,Alex Azizi,Extra Middle or Last Names,1
TX830635 john david smirnov 8 Main St,John Smirnov,Extra Middle or Last Names,1
TX454613 alex david hosseini 80 Main St,Alex Hosseini,Extra Middle or Last Names,1
TX457816 oksana ann smirnov 85 Main St,Oksana Smirnov,Extra Middle or Last Names,1
TX884974 william james harris 32 Main St,William Harris,Extra Middle or Last Names,1
TX545491 john marie sokolov 84 Main St,John Sokolov,Extra Middle or Last Names,1
TX657094 anna lee petrov 64 Main St,Anna Petrov,Extra Middle or Last Names,1
TX835672 anna james rahmani 35 Main St,Anna Rahmani,Extra Middle or Last Names,1
TX874557 john james petrov 59 Main St,John Petrov,Extra Middle or Last Names,1
TX818240 matthew ann moore 14 Main St,Matthew Moore,Extra Middle or Last Names,1
TX303101 olga david sokolov 43 Main St,Olga Sokolov,Extra Middle or Last Names,1
TX232393 daniel lee anderson 50 Main St,Daniel Anderson,Extra Middle or Last Names,1
TX712642 ali ann hosseini 8 Main St,Ali Hosseini,Extra Middle or Last Names,1
TX403071 ali david kamali 34 Main St,Ali Kamali,Extra Middle or Last Names,1
TX433532 alex ann mousavi 27 Main St,Alex Mousavi,Extra Middle or Last Names,1
TX215180 vladimir michael azizi 63 Main St,Vladimir Azizi,Extra Middle or Last Names,1
TX438529 vladimir ann petrov 97 Main St,Vladimir Petrov,Extra Middle or Last Names,1
TX850292 maria david karimov 34 Main St,Maria Karimov,Extra Middle or Last Names,1
TX509456 sahar james sadeghi 5 Main St,Sahar Sadeghi,Extra Middle or Last Names,1
TX232285 olivia david lewis 59 Main St,Olivia Lewis,Extra Middle or Last Names,1
TX141987 alex james smirnov 90 Main St,Alex Smirnov,Extra Middle or Last Names,1
TX779133 oksana lee mousavi 52 Main St,Oksana Mousavi,Extra Middle or Last Names,1
TX157135 john david hosseini 20 Main St,John Hosseini,Extra Middle or Last Names,1
TX652673 fatima david smirnov 88 Main St,Fatima Smirnov,Extra Middle or Last Names,1
TX182682 john lee hosseini 66 Main St,John Hosseini,Extra Middle or Last Names,1
TX239649 fatima james kamali 93 Main St,Fatima Kamali,Extra Middle or Last Names,1
TX151077 omar james khalid 5 Main St,Omar Khalid,Extra Middle or Last Names,1
TX367102 ethan davis 48 Main St,No Match,No Match,0
TX442660 olivia johnson 44 Main St,No Match,No Match,0
TX162781 emma moore 82 Main St,No Match,No Match,0
TX567118 isabella williams 77 Main St,No Match,No Match,0
TX111877 ava williams 30 Main St,No Match,No Match,0
TX267412 sophia anderson 70 Main St,No Match,No Match,0
TX450098 liam johnson 35 Main St,No Match,No Match,0
TX156735 isabella johnson 3 Main St,No Match,No Match,0
TX294088 sophia brown 43 Main St,No Match,No Match,0
TX873962 ethan miller 33 Main St,No Match,No Match,0
TX752213 ava wilson 21 Main St,No Match,No Match,0
TX902676 ava wilson 81 Main St,No Match,No Match,0
TX510804 sophia taylor 57 Main St,No Match,No Match,0
TX941399 ava brown 49 Main St,No Match,No Match,0
TX124595 isabella anderson 81 Main St,No Match,No Match,0
TX374268 olivia wilson 29 Main St,No Match,No Match,0
TX639067 sophia taylor 59 Main St,No Match,No Match,0
TX142228 isabella moore 32 Main St,No Match,No Match,0
TX868521 sophia williams 91 Main St,No Match,No Match,0
TX290469 olivia taylor 70 Main St,No Match,No Match,0
TX467883 emma anderson 96 Main St,No Match,No Match,0
TX935895 ava johnson 92 Main St,No Match,No Match,0
TX898774 mason moore 77 Main St,No Match,No Match,0
TX519373 isabella taylor 29 Main St,No Match,No Match,0
TX507335 olivia brown 49 Main St,No Match,No Match,0
TX272960 mason anderson 27 Main St,No Match,No Match,0
TX919448 mia taylor 97 Main St,No Match,No Match,0
TX332122 mason moore 4 Main St,No Match,No Match,0
TX569063 emma johnson 53 Main St,No Match,No Match,0
TX699977 sophia taylor 92 Main St,No Match,No Match,0
TX239655 emma davis 62 Main St,No Match,No Match,0
TX420299 mason moore 72 Main St,No Match,No Match,0
TX212893 sophia moore 90 Main St,No Match,No Match,0
TX271538 ava anderson 52 Main St,No Match,No Match,0
TX612357 sophia davis 11 Main St,No Match,No Match,0
TX162256 sophia johnson 97 Main St,No Match,No Match,0
TX753812 olivia williams 70 Main St,No Match,No Match,0
TX812058 liam moore 47 Main St,No Match,No Match,0
TX977643 liam moore 57 Main St,No Match,No Match,0
TX789376 emma miller 68 Main St,No Match,No Match,0
TX319872 liam miller 54 Main St,No Match,No Match,0
TX334313 noah davis 69 Main St,No Match,No Match,0
TX553506 mason anderson 3 Main St,No Match,No Match,0
TX628110 isabella jones 100 Main St,No Match,No Match,0
TX189326 liam williams 78 Main St,No Match,No Match,0
TX634628 mason brown 57 Main St,No Match,No Match,0
TX937338 mason jones 10 Main St,No Match,No Match,0
TX124247 mia anderson 88 Main St,No Match,No Match,0
TX601200 isabella davis 71 Main St,No Match,No Match,0
TX457062 liam miller 49 Main St,No Match,No Match,0
TX532882 emma wilson 6 Main St,No Match,No Match,0
TX722548 sophia wilson 19 Main St,No Match,No Match,0
TX132769 isabella anderson 5 Main St,No Match,No Match,0
TX940706 olivia moore 27 Main St,No Match,No Match,0
TX476605 olivia wilson 6 Main St,No Match,No Match,0
TX673902 mason taylor 61 Main St,No Match,No Match,0
TX990903 liam davis 17 Main St,No Match,No Match,0
TX420735 liam taylor 51 Main St,No Match,No Match,0
TX836079 mason brown 21 Main St,No Match,No Match,0
TX276339 noah davis 79 Main St,No Match,No Match,0
TX441126 sophia anderson 10 Main St,No Match,No Match,0
TX857957 emma jones 64 Main St,No Match,No Match,0
TX882861 noah wilson 28 Main St,No Match,No Match,0
TX511683 ethan davis 71 Main St,No Match,No Match,0
TX265962 emma moore 7 Main St,No Match,No Match,0
TX377609 emma anderson 28 Main St,No Match,No Match,0
TX121805 ethan moore 68 Main St,No Match,No Match,0
TX736626 mason wilson 78 Main St,No Match,No Match,0
TX751212 ethan wilson 42 Main St,No Match,No Match,0
TX735889 isabella moore 14 Main St,No Match,No Match,0
TX802989 noah moore 38 Main St,No Match,No Match,0
TX314707 ethan williams 78 Main St,No Match,No Match,0
TX508562 liam davis 51 Main St,No Match,No Match,0
TX482098 liam johnson 81 Main St,No Match,No Match,0
TX330573 olivia davis 3 Main St,No Match,No Match,0
TX784667 liam davis 97 Main St,No Match,No Match,0
TX936891 mason williams 70 Main St,No Match,No Match,0
TX995836 emma taylor 49 Main St,No Match,No Match,0
TX340257 mia wilson 16 Main St,No Match,No Match,0
TX994232 sophia johnson 30 Main St,No Match,No Match,0
TX555868 ethan miller 20 Main St,No Match,No Match,0
TX419120 olivia anderson 91 Main St,No Match,No Match,0
TX251005 noah anderson 82 Main St,No Match,No Match,0
TX709743 olivia davis 62 Main St,No Match,No Match,0
TX386486 olivia brown 96 Main St,No Match,No Match,0
TX508046 olivia moore 50 Main St,No Match,No Match,0
TX813651 olivia anderson 100 Main St,No Match,No Match,0
TX561420 mason jones 53 Main St,No Match,No Match,0
TX726738 sophia moore 1 Main St,No Match,No Match,0
TX823870 liam johnson 3 Main St,No Match,No Match,0
TX609717 noah johnson 73 Main St,No Match,No Match,0
TX386307 mason johnson 69 Main St,No Match,No Match,0
TX268359 sophia moore 73 Main St,No Match,No Match,0
TX492801 isabella jones 17 Main St,No Match,No Match,0
TX464298 mia davis 82 Main St,No Match,No Match,0
TX142007 mia johnson 92 Main St,No Match,No Match,0
TX482988 noah brown 70 Main St,No Match,No Match,0
TX995866 liam johnson 89 Main St,No Match,No Match,0
TX396796 isabella jones 29 Main St,No Match,No Match,0
TX182661 mia brown 30 Main St,No Match,No Match,0
TX760358 mason taylor 15 Main St,No Match,No Match,0
TX949860 mia brown 16 Main St,No Match,No Match,0
TX130944 isabella davis 14 Main St,No Match,No Match,0
TX342461 ava anderson 27 Main St,No Match,No Match,0
TX937666 ethan wilson 37 Main St,No Match,No Match,0
TX405713 ethan johnson 72 Main St,No Match,No Match,0
TX762385 mia brown 74 Main St,No Match,No Match,0
TX769532 olivia johnson 48 Main St,No Match,No Match,0
TX937647 olivia jones 88 Main St,No Match,No Match,0
TX706744 ethan miller 29 Main St,No Match,No Match,0
TX844933 noah anderson 90 Main St,No Match,No Match,0
TX260576 olivia anderson 41 Main St,No Match,No Match,0
TX537111 isabella miller 52 Main St,No Match,No Match,0
TX615987 ava brown 20 Main St,No Match,No Match,0
TX840516 mason miller 1 Main St,No Match,No Match,0
TX896815 noah miller 82 Main St,No Match,No Match,0
TX113066 ethan moore 42 Main St,No Match,No Match,0
TX541853 noah anderson 37 Main St,No Match,No Match,0
TX544816 emma jones 96 Main St,No Match,No Match,0
TX204117 isabella williams 87 Main St,No Match,No Match,0
TX810827 mason taylor 72 Main St,No Match,No Match,0
TX217371 mia taylor 33 Main St,No Match,No Match,0
TX356884 ava wilson 77 Main St,No Match,No Match,0
TX341905 noah johnson 63 Main St,No Match,No Match,0
TX166242 sophia moore 73 Main St,No Match,No Match,0
TX916449 mia jones 90 Main St,No Match,No Match,0
TX698961 mia williams 64 Main St,No Match,No Match,0
TX820939 liam jones 45 Main St,No Match,No Match,0
TX249615 emma wilson 36 Main St,No Match,No Match,0
TX477946 mia wilson 33 Main St,No Match,No Match,0
TX577100 sophia miller 13 Main St,No Match,No Match,0
TX127466 liam brown 26 Main St,No Match,No Match,0
TX600044 ava moore 35 Main St,No Match,No Match,0
TX730585 noah anderson 77 Main St,No Match,No Match,0
TX304073 noah wilson 51 Main St,No Match,No Match,0
TX613465 isabella jones 48 Main St,No Match,No Match,0
TX414254 mason miller 50 Main St,No Match,No Match,0
TX134015 mason jones 69 Main St,No Match,No Match,0
TX888078 noah brown 19 Main St,No Match,No Match,0
TX241985 mia wilson 92 Main St,No Match,No Match,0
TX512469 ethan williams 24 Main St,No Match,No Match,0
TX384040 ethan anderson 12 Main St,No Match,No Match,0
TX724755 isabella davis 54 Main St,No Match,No Match,0
TX770790 ethan brown 76 Main St,No Match,No Match,0
TX751231 mason taylor 6 Main St,No Match,No Match,0
TX388469 mia jones 98 Main St,No Match,No Match,0
TX932771 ethan williams 87 Main St,No Match,No Match,0
TX663139 olivia wilson 14 Main St,No Match,No Match,0
TX454069 ethan brown 56 Main St,No Match,No Match,0
TX577347 emma taylor 90 Main St,No Match,No Match,0
TX425663 emma jones 79 Main St,No Match,No Match,0
TX916625 liam moore 63 Main St,No Match,No Match,0
TX771614 liam brown 51 Main St,No Match,No Match,0
TX986018 mia taylor 81 Main St,No Match,No Match,0
TX817707 liam taylor 37 Main St,No Match,No Match,0
TX781128 isabella brown 99 Main St,No Match,No Match,0
TX230016 olivia johnson 41 Main St,No Match,No Match,0
TX684535 isabella wilson 76 Main St,No Match,No Match,0
TX992548 olivia jones 3 Main St,No Match,No Match,0
TX317724 olivia miller 50 Main St,No Match,No Match,0
TX128703 ethan moore 40 Main St,No Match,No Match,0
TX589263 mason moore 89 Main St,No Match,No Match,0
TX846062 sophia miller 69 Main St,No Match,No Match,0
TX228836 noah williams 87 Main St,No Match,No Match,0
TX939894 mason miller 93 Main St,No Match,No Match,0
TX346353 isabella taylor 57 Main St,No Match,No Match,0
TX885691 liam moore 52 Main St,No Match,No Match,0
TX712048 isabella moore 5 Main St,No Match,No Match,0
TX715452 liam jones 76 Main St,No Match,No Match,0
TX404884 sophia moore 80 Main St,No Match,No Match,0
TX454814 ethan moore 22 Main St,No Match,No Match,0
TX751907 liam wilson 23 Main St,No Match,No Match,0
TX199929 mia jones 86 Main St,No Match,No Match,0
TX369350 noah williams 95 Main St,No Match,No Match,0
TX332475 isabella wilson 78 Main St,No Match,No Match,0
TX197580 ava brown 36 Main St,No Match,No Match,0
TX867762 ethan williams 50 Main St,No Match,No Match,0
TX534835 liam jones 47 Main St,No Match,No Match,0
TX235598 ava brown 55 Main St,No Match,No Match,0
TX478685 mason miller 70 Main St,No Match,No Match,0
TX293730 noah jones 71 Main St,No Match,No Match,0
TX536671 emma davis 45 Main St,No Match,No Match,0
TX184159 mia wilson 53 Main St,No Match,No Match,0
TX637466 mia moore 56 Main St,No Match,No Match,0
TX395814 noah williams 56 Main St,No Match,No Match,0
TX635407 noah brown 32 Main St,No Match,No Match,0
TX277383 sophia brown 78 Main St,No Match,No Match,0
TX300403 ethan anderson 48 Main St,No Match,No Match,0
TX183005 mason taylor 51 Main St,No Match,No Match,0
TX608493 ava williams 39 Main St,No Match,No Match,0
TX713606 liam williams 85 Main St,No Match,No Match,0
TX860890 ethan anderson 61 Main St,No Match,No Match,0
TX493121 emma miller 52 Main St,No Match,No Match,0
TX947439 ethan brown 10 Main St,No Match,No Match,0
TX305864 emma wilson 1 Main St,No Match,No Match,0
TX499453 olivia taylor 78 Main St,No Match,No Match,0
TX770208 ava wilson 34 Main St,No Match,No Match,0
TX777339 mason jones 32 Main St,No Match,No Match,0
TX176701 liam brown 8 Main St,No Match,No Match,0
TX774092 isabella anderson 36 Main St,No Match,No Match,0
TX692914 liam davis 66 Main St,No Match,No Match,0
TX590078 noah wilson 83 Main St,No Match,No Match,0
TX815873 mason miller 70 Main St,No Match,No Match,0
TX963403 olivia jones 51 Main St,No Match,No Match,0
TX137819 mia williams 34 Main St,No Match,No Match,0
TX240531 isabella moore 70 Main St,No Match,No Match,0
TX986159 mason moore 37 Main St,No Match,No Match,0
TX146999 olivia wilson 10 Main St,No Match,No Match,0
TX738616 isabella davis 17 Main St,No Match,No Match,0
TX339404 ethan anderson 17 Main St,No Match,No Match,0
TX938932 noah moore 67 Main St,No Match,No Match,0
TX356091 noah miller 34 Main St,No Match,No Match,0
TX803813 emma wilson 99 Main St,No Match,No Match,0
TX214291 mason moore 25 Main St,No Match,No Match,0
TX178379 emma wilson 53 Main St,No Match,No Match,0
TX878689 sophia jones 83 Main St,No Match,No Match,0
TX222172 mia davis 48 Main St,No Match,No Match,0
TX671002 emma miller 38 Main St,No Match,No Match,0
TX163125 ethan taylor 36 Main St,No Match,No Match,0
TX756721 noah anderson 5 Main St,No Match,No Match,0
TX503672 sophia johnson 68 Main St,No Match,No Match,0
TX405746 olivia johnson 21 Main St,No Match,No Match,0
TX948126 ethan johnson 81 Main St,No Match,No Match,0
TX124990 noah williams 54 Main St,No Match,No Match,0
TX873156 liam anderson 18 Main St,No Match,No Match,0
TX514368 sophia taylor 40 Main St,No Match,No Match,0
TX498941 mia taylor 57 Main St,No Match,No Match,0
TX985202 mia brown 74 Main St,No Match,No Match,0
TX976733 mia williams 38 Main St,No Match,No Match,0
TX862035 isabella anderson 96 Main St,No Match,No Match,0
TX230605 mason taylor 19 Main St,No Match,No Match,0
TX886003 noah brown 92 Main St,No Match,No Match,0
TX696818 noah johnson 4 Main St,No Match,No Match,0
TX859701 emma brown 91 Main St,No Match,No Match,0
TX835328 liam williams 81 Main St,No Match,No Match,0
TX108078 olivia anderson 26 Main St,No Match,No Match,0
TX714638 liam miller 22 Main St,No Match,No Match,0
TX725538 liam johnson 52 Main St,No Match,No Match,0
TX712372 ava williams 16 Main St,No Match,No Match,0
TX479039 sophia brown 78 Main St,No Match,No Match,0
TX354583 ethan jones 87 Main St,No Match,No Match,0
TX566747 olivia williams 36 Main St,No Match,No Match,0
TX170431 olivia williams 75 Main St,No Match,No Match,0
TX863133 mia johnson 40 Main St,No Match,No Match,0
TX723763 olivia wilson 28 Main St,No Match,No Match,0
TX240294 ethan brown 4 Main St,No Match,No Match,0
TX674693 isabella miller 9 Main St,No Match,No Match,0
TX953877 mason williams 21 Main St,No Match,No Match,0
TX712132 liam moore 10 Main St,No Match,No Match,0
TX790287 mia williams 57 Main St,No Match,No Match,0
TX374722 mia anderson 49 Main St,No Match,No Match,0
TX477608 liam brown 64 Main St,No Match,No Match,0
TX879523 mia brown 78 Main St,No Match,No Match,0
TX892762 olivia taylor 67 Main St,No Match,No Match,0
TX521420 noah anderson 13 Main St,No Match,No Match,0
TX655103 mason brown 51 Main St,No Match,No Match,0
TX816883 noah taylor 86 Main St,No Match,No Match,0
TX765627 ethan jones 61 Main St,No Match,No Match,0
TX583932 noah williams 58 Main St,No Match,No Match,0
TX906248 liam davis 48 Main St,No Match,No Match,0
TX461104 mia brown 95 Main St,No Match,No Match,0
TX375275 ethan johnson 9 Main St,No Match,No Match,0
TX831587 olivia taylor 61 Main St,No Match,No Match,0
TX343972 liam wilson 68 Main St,No Match,No Match,0
TX768963 ethan taylor 62 Main St,No Match,No Match,0
TX504092 ethan taylor 13 Main St,No Match,No Match,0
TX251077 emma moore 2 Main St,No Match,No Match,0
TX535361 isabella jones 47 Main St,No Match,No Match,0
TX646119 mason brown 63 Main St,No Match,No Match,0
TX671864 isabella johnson 63 Main St,No Match,No Match,0
TX590544 liam anderson 22 Main St,No Match,No Match,0
TX783875 liam davis 37 Main St,No Match,No Match,0
TX549617 mason wilson 10 Main St,No Match,No Match,0
TX856345 ethan brown 8 Main St,No Match,No Match,0
TX484152 mia moore 19 Main St,No Match,No Match,0
TX535222 ava miller 85 Main St,No Match,No Match,0
TX956380 mason johnson 11 Main St,No Match,No Match,0
TX805571 ethan moore 93 Main St,No Match,No Match,0
TX615687 isabella johnson 84 Main St,No Match,No Match,0
TX394798 isabella jones 4 Main St,No Match,No Match,0
TX717030 liam anderson 73 Main St,No Match,No Match,0
TX447100 ava moore 35 Main St,No Match,No Match,0
TX625561 sophia jones 84 Main St,No Match,No Match,0
TX720980 olivia moore 35 Main St,No Match,No Match,0
TX737223 sophia davis 19 Main St,No Match,No Match,0
TX955339 mason wilson 34 Main St,No Match,No Match,0
TX697049 liam davis 57 Main St,No Match,No Match,0
TX140702 liam miller 44 Main St,No Match,No Match,0
TX339477 mia anderson 73 Main St,No Match,No Match,0
TX828606 emma jones 98 Main St,No Match,No Match,0
TX574065 mia davis 89 Main St,No Match,No Match,0
TX252766 ethan williams 38 Main St,No Match,No Match,0
TX703974 mia miller 88 Main St,No Match,No Match,0
TX736541 liam wilson 85 Main St,No Match,No Match,0
TX826598 noah brown 94 Main St,No Match,No Match,0
TX986705 mia taylor 51 Main St,No Match,No Match,0
TX377090 liam taylor 84 Main St,No Match,No Match,0
TX642168 mia taylor 75 Main St,No Match,No Match,0
TX469961 ava davis 23 Main St,No Match,No Match,0
TX181612 liam anderson 72 Main St,No Match,No Match,0
TX902093 mia brown 41 Main St,No Match,No Match,0
TX256304 noah jones 29 Main St,No Match,No Match,0
TX372319 mason miller 35 Main St,No Match,No Match,0
TX343540 noah johnson 80 Main St,No Match,No Match,0
TX633989 ava davis 61 Main St,No Match,No Match,0
TX653062 ethan williams 46 Main St,No Match,No Match,0
TX330730 sophia brown 30 Main St,No Match,No Match,0
TX535083 noah anderson 55 Main St,No Match,No Match,0
TX936638 ava miller 45 Main St,No Match,No Match,0
TX639613 emma williams 59 Main St,No Match,No Match,0
TX792266 noah williams 17 Main St,No Match,No Match,0
TX250833 ethan anderson 61 Main St,No Match,No Match,0
TX677096 mia moore 13 Main St,No Match,No Match,0
TX750269 ava davis 79 Main St,No Match,No Match,0
TX660949 ethan davis 78 Main St,No Match,No Match,0
TX430338 ava brown 25 Main St,No Match,No Match,0
TX774707 mason brown 66 Main St,No Match,No Match,0
TX875871 mia jones 39 Main St,No Match,No Match,0
TX855409 ethan brown 48 Main St,No Match,No Match,0
TX192867 ethan wilson 38 Main St,No Match,No Match,0
TX230335 noah williams 72 Main St,No Match,No Match,0
TX924327 noah jones 10 Main St,No Match,No Match,0
TX996280 olivia anderson 88 Main St,No Match,No Match,0
TX635223 mia moore 61 Main St,No Match,No Match,0
TX671644 mia jones 55 Main St,No Match,No Match,0
TX606926 ava taylor 89 Main St,No Match,No Match,0
TX946326 liam brown 78 Main St,No Match,No Match,0
TX758022 olivia wilson 13 Main St,No Match,No Match,0
TX324512 ava williams 54 Main St,No Match,No Match,0
TX938759 isabella brown 63 Main St,No Match,No Match,0
TX970267 noah taylor 9 Main St,No Match,No Match,0
TX344272 liam brown 96 Main St,No Match,No Match,0
TX297023 ethan miller 74 Main St,No Match,No Match,0
TX907694 ava wilson 45 Main St,No Match,No Match,0
TX477421 mason taylor 72 Main St,No Match,No Match,0
TX572952 sophia williams 71 Main St,No Match,No Match,0
TX769500 ethan moore 59 Main St,No Match,No Match,0
TX369294 noah jones 95 Main St,No Match,No Match,0
TX853074 ethan anderson 87 Main St,No Match,No Match,0
TX528143 mason brown 63 Main St,No Match,No Match,0
TX739467 ethan brown 57 Main St,No Match,No Match,0
TX957248 emma taylor 26 Main St,No Match,No Match,0
TX748988 emma wilson 88 Main St,No Match,No Match,0
TX928874 mia wilson 94 Main St,No Match,No Match,0
TX735383 liam moore 44 Main St,No Match,No Match,0
TX849307 sophia wilson 71 Main St,No Match,No Match,0
TX702422 olivia williams 65 Main St,No Match,No Match,0
TX259391 ethan davis 53 Main St,No Match,No Match,0
TX514838 sophia brown 20 Main St,No Match,No Match,0
TX318636 olivia moore 1 Main St,No Match,No Match,0
TX257319 noah johnson 48 Main St,No Match,No Match,0
TX157676 emma wilson 78 Main St,No Match,No Match,0
TX620583 ethan jones 86 Main St,No Match,No Match,0
TX150977 mia davis 58 Main St,No Match,No Match,0
TX326778 sophia miller 22 Main St,No Match,No Match,0
TX774449 mia brown 64 Main St,No Match,No Match,0
TX386590 noah jones 3 Main St,No Match,No Match,0
TX418951 olivia davis 99 Main St,No Match,No Match,0
TX612557 sophia wilson 82 Main St,No Match,No Match,0
TX821407 ethan brown 13 Main St,No Match,No Match,0
TX448502 mia moore 69 Main St,No Match,No Match,0
TX704363 liam jones 99 Main St,No Match,No Match,0
TX440516 mason jones 54 Main St,No Match,No Match,0
TX670445 mason johnson 25 Main St,No Match,No Match,0
TX317189 sophia taylor 95 Main St,No Match,No Match,0
TX312047 noah wilson 9 Main St,No Match,No Match,0
TX869814 mason anderson 2 Main St,No Match,No Match,0
TX986109 ava anderson 28 Main St,No Match,No Match,0
TX612464 olivia brown 53 Main St,No Match,No Match,0
TX788083 emma johnson 60 Main St,No Match,No Match,0
TX111622 isabella moore 45 Main St,No Match,No Match,0
TX710821 sophia moore 78 Main St,No Match,No Match,0
TX822976 ethan johnson 47 Main St,No Match,No Match,0
TX196365 emma davis 29 Main St,No Match,No Match,0
TX846224 ava davis 65 Main St,No Match,No Match,0
TX183283 emma anderson 10 Main St,No Match,No Match,0
TX347289 ava taylor 16 Main St,No Match,No Match,0
TX596855 liam jones 88 Main St,No Match,No Match,0
TX502551 isabella taylor 1 Main St,No Match,No Match,0
TX745664 ava wilson 96 Main St,No Match,No Match,0
TX851016 ethan brown 32 Main St,No Match,No Match,0
TX108700 mason wilson 67 Main St,No Match,No Match,0
TX184985 ethan johnson 17 Main St,No Match,No Match,0
TX924171 noah williams 33 Main St,No Match,No Match,0
TX350628 emma jones 48 Main St,No Match,No Match,0
TX962132 isabella wilson 32 Main St,No Match,No Match,0
TX814691 olivia davis 59 Main St,No Match,No Match,0
TX607889 ava brown 83 Main St,No Match,No Match,0
TX226101 olivia anderson 60 Main St,No Match,No Match,0
TX170982 emma miller 54 Main St,No Match,No Match,0
TX979559 mason moore 13 Main St,No Match,No Match,0
TX737787 emma williams 12 Main St,No Match,No Match,0
TX810607 sophia jones 23 Main St,No Match,No Match,0
TX718720 liam brown 68 Main St,No Match,No Match,0
TX721696 liam davis 17 Main St,No Match,No Match,0
TX606545 ava johnson 88 Main St,No Match,No Match,0
TX521442 emma johnson 49 Main St,No Match,No Match,0
TX982786 ava anderson 31 Main St,No Match,No Match,0
TX672200 isabella taylor 76 Main St,No Match,No Match,0
TX928537 ava wilson 27 Main St,No Match,No Match,0
TX220467 mason anderson 82 Main St,No Match,No Match,0
TX192261 ava davis 29 Main St,No Match,No Match,0
TX394054 ava williams 80 Main St,No Match,No Match,0
TX532777 noah williams 81 Main St,No Match,No Match,0
TX242957 sophia brown 44 Main St,No Match,No Match,0
TX508340 mia miller 10 Main St,No Match,No Match,0
TX685837 olivia davis 42 Main St,No Match,No Match,0
TX125523 liam williams 13 Main St,No Match,No Match,0
TX389501 mia jones 37 Main St,No Match,No Match,0
TX933863 liam williams 78 Main St,No Match,No Match,0
TX865342 sophia jones 55 Main St,No Match,No Match,0
TX351991 sophia taylor 13 Main St,No Match,No Match,0
TX683808 sophia johnson 85 Main St,No Match,No Match,0
TX380696 sophia johnson 81 Main St,No Match,No Match,0
TX672034 isabella brown 60 Main St,No Match,No Match,0
TX725642 emma anderson 23 Main St,No Match,No Match,0
TX959472 emma jones 72 Main St,No Match,No Match,0
TX107153 ava johnson 91 Main St,No Match,No Match,0
TX416750 ethan wilson 85 Main St,No Match,No Match,0
TX269685 sophia johnson 2 Main St,No Match,No Match,0
TX957428 mia miller 22 Main St,No Match,No Match,0
TX954767 ava jones 24 Main St,No Match,No Match,0
TX553685 ava moore 80 Main St,No Match,No Match,0
TX380420 mason jones 97 Main St,No Match,No Match,0
TX940713 isabella moore 84 Main St,No Match,No Match,0
TX693253 ava wilson 58 Main St,No Match,No Match,0
TX932143 mia miller 76 Main St,No Match,No Match,0
TX931068 emma moore 57 Main St,No Match,No Match,0
TX747336 noah moore 53 Main St,No Match,No Match,0
TX330503 olivia johnson 94 Main St,No Match,No Match,0
TX842207 liam anderson 87 Main St,No Match,No Match,0
TX726792 sophia miller 95 Main St,No Match,No Match,0
TX801676 ethan moore 93 Main St,No Match,No Match,0
TX586000 isabella brown 56 Main St,No Match,No Match,0
TX800675 ethan davis 28 Main St,No Match,No Match,0
TX800622 noah williams 3 Main St,No Match,No Match,0
TX607915 ethan williams 29 Main St,No Match,No Match,0
TX833132 liam jones 47 Main St,No Match,No Match,0
TX813171 isabella johnson 15 Main St,No Match,No Match,0
TX780075 ethan williams 24 Main St,No Match,No Match,0
TX434035 sophia davis 60 Main St,No Match,No Match,0
TX425940 liam anderson 95 Main St,No Match,No Match,0
TX328151 noah wilson 22 Main St,No Match,No Match,0
TX911651 ethan williams 32 Main St,No Match,No Match,0
TX252254 isabella jones 50 Main St,No Match,No Match,0
TX625231 ethan moore 58 Main St,No Match,No Match,0
TX673829 noah taylor 58 Main St,No Match,No Match,0
TX519113 ava williams 1 Main St,No Match,No Match,0
TX910183 noah davis 67 Main St,No Match,No Match,0
TX901457 emma davis 63 Main St,No Match,No Match,0
TX955811 noah wilson 59 Main St,No Match,No Match,0
TX684036 emma wilson 47 Main St,No Match,No Match,0
TX929425 mason brown 18 Main St,No Match,No Match,0
TX813585 emma jones 82 Main St,No Match,No Match,0
TX404048 ava miller 56 Main St,No Match,No Match,0
TX752973 mason moore 66 Main St,No Match,No Match,0
TX110327 mason johnson 18 Main St,No Match,No Match,0
TX416685 ethan moore 1 Main St,No Match,No Match,0
TX628065 isabella moore 97 Main St,No Match,No Match,0
TX801262 isabella moore 67 Main St,No Match,No Match,0
TX999923 olivia miller 74 Main St,No Match,No Match,0
TX113490 liam anderson 10 Main St,No Match,No Match,0
TX745182 ava johnson 99 Main St,No Match,No Match,0
TX123228 liam johnson 33 Main St,No Match,No Match,0
TX162355 ethan jones 45 Main St,No Match,No Match,0
TX239746 olivia williams 80 Main St,No Match,No Match,0
TX147918 mia moore 27 Main St,No Match,No Match,0
TX236209 ethan johnson 95 Main St,No Match,No Match,0
TX708349 liam johnson 50 Main St,No Match,No Match,0
TX975729 isabella miller 29 Main St,No Match,No Match,0
TX504728 isabella moore 10 Main St,No Match,No Match,0
TX204394 ava anderson 23 Main St,No Match,No Match,0
TX754920 olivia davis 10 Main St,No Match,No Match,0
TX437106 liam brown 43 Main St,No Match,No Match,0
TX248413 noah taylor 49 Main St,No Match,No Match,0
TX487330 olivia williams 75 Main St,No Match,No Match,0
TX648709 sophia jones 14 Main St,No Match,No Match,0
TX105399 noah davis 64 Main St,No Match,No Match,0
TX654714 ava williams 62 Main St,No Match,No Match,0
TX950161 mia moore 54 Main St,No Match,No Match,0
TX501146 olivia jones 6 Main St,No Match,No Match,0
TX120168 mia wilson 32 Main St,No Match,No Match,0
TX490272 emma jones 51 Main St,No Match,No Match,0
TX374838 ava jones 41 Main St,No Match,No Match,0
TX416531 ava taylor 58 Main St,No Match,No Match,0
TX441495 emma miller 34 Main St,No Match,No Match,0
TX813368 sophia anderson 55 Main St,No Match,No Match,0
TX496656 liam williams 91 Main St,No Match,No Match,0
TX614051 sophia johnson 48 Main St,No Match,No Match,0
TX147427 isabella wilson 91 Main St,No Match,No Match,0
TX110764 liam anderson 44 Main St,No Match,No Match,0
TX631652 olivia jones 79 Main St,No Match,No Match,0
TX685033 olivia taylor 39 Main St,No Match,No Match,0
TX544595 ava jones 85 Main St,No Match,No Match,0
TX655835 isabella wilson 60 Main St,No Match,No Match,0
TX443813 ava wilson 80 Main St,No Match,No Match,0
TX112339 mia jones 92 Main St,No Match,No Match,0
TX260714 olivia miller 8 Main St,No Match,No Match,0
TX415844 ethan johnson 82 Main St,No Match,No Match,0
TX936469 mia davis 80 Main St,No Match,No Match,0
